file_name,rate_value
sector_semiconductor.csv,0.8072625698324022
sector_battery.csv,1.1228070175438596
sector_car.csv,1.0194174757281553
sector_Baio.csv,0.47840531561461797
sector_iron.csv,0.42323651452282157
sector_bank.csv,0.5740740740740741
